{"cameraMode":{"drawMode":0,"name":"Shaded","section":"Shading Mode"},"sceneLighting":false,"audioPlay":false,"sceneViewState":{"showFog":true,"showMaterialUpdate":false,"showSkybox":false,"showFlares":true,"showImageEffects":true,"showParticleSystems":true},"in2DMode":false,"pivot":{"x":3.317538261413574,"y":0.7512780427932739,"z":-1.497725486755371},"rotation":{"x":0.005641496274620295,"y":-0.8331906199455261,"z":-0.008487245999276638,"w":-0.5529205799102783},"size":2.852689266204834,"orthographic":false}