{"cameraMode":{"drawMode":0,"name":"Shaded","section":"Shading Mode"},"sceneLighting":false,"audioPlay":false,"sceneViewState":{"showFog":true,"showMaterialUpdate":false,"showSkybox":false,"showFlares":true,"showImageEffects":true,"showParticleSystems":true},"in2DMode":false,"pivot":{"x":0.2953166961669922,"y":9.008877754211426,"z":0.9418773651123047},"rotation":{"x":-0.18081380426883698,"y":0.37339070439338686,"z":-0.07445071637630463,"w":-0.9068318605422974},"size":202.31495666503907,"orthographic":false}